﻿<?xml version="1.0" encoding="utf-8" ?>
<MainMenuDefs>

    <MainMenuDef>
        <defName>CreateWorld</defName>
        <labelKey>CreateWorld</labelKey>
        <order>800</order>
        <menuClass>CommunityCoreLibrary.MainMenu_CreateWorld</menuClass>
    </MainMenuDef>

    <MainMenuDef>
        <defName>NewColony</defName>
        <labelKey>NewColony</labelKey>
        <order>700</order>
        <menuClass>CommunityCoreLibrary.MainMenu_NewColony</menuClass>
    </MainMenuDef>

    <MainMenuDef>
        <defName>SaveGame</defName>
        <labelKey>Save</labelKey>
        <order>600</order>
        <menuClass>CommunityCoreLibrary.MainMenu_SaveGame</menuClass>
        <closeMainTab>true</closeMainTab>
    </MainMenuDef>

    <MainMenuDef>
        <defName>LoadGame</defName>
        <labelKey>Load</labelKey>
        <order>500</order>
        <menuClass>CommunityCoreLibrary.MainMenu_LoadGame</menuClass>
        <closeMainTab>true</closeMainTab>
    </MainMenuDef>

    <MainMenuDef>
        <defName>MainOptions</defName>
        <labelKey>Options</labelKey>
        <order>400</order>
        <menuClass>CommunityCoreLibrary.MainMenu_Options</menuClass>
        <closeMainTab>true</closeMainTab>
    </MainMenuDef>

    <MainMenuDef>
        <defName>ModMenu</defName>
        <labelKey>Mods</labelKey>
        <order>300</order>
        <menuClass>CommunityCoreLibrary.MainMenu_Mods</menuClass>
    </MainMenuDef>

    <MainMenuDef>
        <defName>Credits</defName>
        <labelKey>Credits</labelKey>
        <order>200</order>
        <menuClass>CommunityCoreLibrary.MainMenu_Credits</menuClass>
    </MainMenuDef>

    <!-- Permadeath Mode -->

    <MainMenuDef>
        <defName>SaveQuitToMain</defName>
        <labelKey>SaveAndQuitToMainMenu</labelKey>
        <order>100</order>
        <menuClass>CommunityCoreLibrary.MainMenu_SaveQuitToMain</menuClass>
    </MainMenuDef>

    <MainMenuDef>
        <defName>SaveQuitToOS</defName>
        <labelKey>SaveAndQuitToOS</labelKey>
        <order>0</order>
        <menuClass>CommunityCoreLibrary.MainMenu_SaveQuitToOS</menuClass>
    </MainMenuDef>

    <!-- Normal Mode -->

    <MainMenuDef>
        <defName>QuitToMain</defName>
        <labelKey>QuitToMainMenu</labelKey>
        <order>100</order>
        <menuClass>CommunityCoreLibrary.MainMenu_QuitToMain</menuClass>
    </MainMenuDef>

    <MainMenuDef>
        <defName>QuitToOS</defName>
        <labelKey>QuitToOS</labelKey>
        <order>0</order>
        <menuClass>CommunityCoreLibrary.MainMenu_QuitToOS</menuClass>
    </MainMenuDef>

</MainMenuDefs>