﻿<?xml version="1.0" encoding="utf-8"?>
<ModMetaData>
    <name>Building Example</name>
    <author>RimWorld CCL Team</author>
    <url>n/a</url>
    <targetVersion>Community Core Library v0.13.0</targetVersion>
    <description>
This is an example of how to lock and unlock buildings as new research is complete.

Demonstrates:
	AdvancedResearchDef to lock and unlock buildings
	Creating automatic help menu entries for advanced research
	ThingDefAvailability in a ModHelperDef to change the designation category of a ThingDef
    </description>
</ModMetaData>