﻿<?xml version="1.0" encoding="utf-8" ?>
<MainMenuDefs>

    <MainMenuDef>
        <defName>ModConfigurationMenu</defName>
        <labelKey>ModConfigurationOptions</labelKey>
        <order>250</order>
        <menuClass>CommunityCoreLibrary.MainMenu_ModConfigurationMenu</menuClass>
        <closeMainTab>true</closeMainTab>
    </MainMenuDef>

    <MainMenuDef>
        <defName>ModHelp</defName>
        <labelKey>HelpOTabTitle</labelKey>
        <order>225</order>
        <menuClass>CommunityCoreLibrary.MainMenu_HelpMenu</menuClass>
    </MainMenuDef>

</MainMenuDefs>