<?xml version="1.0" encoding="utf-8" ?>
<Defs>

    <ModHelperDef>
        <defName>CommunityCoreLibrary</defName>

        <ModName>Community Core Library</ModName>

        <version>0.12.7.2</version>

        <MapComponents>
            <li>CommunityCoreLibrary.HideItemManager</li>
        </MapComponents>

        <SpecialInjectors>
            <li>CommunityCoreLibrary.DetourInjector</li>
            <li>CommunityCoreLibrary.CompRottableRefrigeratedInjector</li>
        </SpecialInjectors>

    </ModHelperDef>

</Defs>