﻿<?xml version="1.0" encoding="utf-8"?>
<ModMetaData>
    <name>Research Project Example</name>
    <author>RimWorld CCL Team</author>
    <url>n/a</url>
    <targetVersion>Community Core Library v0.13.0</targetVersion>
    <description>
This is an example of how to lock and unlock research projects as new research is complete.

Demonstrates:
	Minimum ModHelperDef requirement
	AdvancedResearchDef to allow mutual exclusion and alternate path inclusion of research projects
    </description>
</ModMetaData>