<?xml version="1.0" encoding="utf-8" ?>
<Defs>

    <ResearchProjectDef>
        <defName>CommunityCoreLibraryResearchLocker</defName>

        <label>Research Locker</label>
        <description>Community Core Library Research Locker</description>
        <descriptionDiscovered>This should be hidden.  Using the default research menu for RimWorld Alpha 13, this will unfortunately be visible.</descriptionDiscovered>

        <totalCost>1</totalCost>

        <prerequisites>
            <li>CommunityCoreLibraryResearchLocker</li>
        </prerequisites>

    </ResearchProjectDef>

</Defs>