<?xml version="1.0" encoding="utf-8" ?>
<Defs>

    <ModHelperDef>
        <defName>FoodSynthesizerVersion</defName>

        <ModName>Modders Resource: Food Synthesizer</ModName>

        <minCCLVersion>0.13.0</minCCLVersion>

        <ThingDefAvailability>

            <!-- Enable generic hoppers -->
            <li>
                <menuHidden>false</menuHidden>
                <designationCategory>Production</designationCategory>
                <targetDefs>
                    <li>GenericHopper</li>
                    <li>RefrigeratedHopper</li>
                </targetDefs>
            </li>

        </ThingDefAvailability>

    </ModHelperDef>

</Defs>