﻿<?xml version="1.0" encoding="utf-8" ?>
<Defs>

    <RecipeDef>
        <defName>MakeArtilleryShellSmithingTable</defName>
        <label>make artillery shell</label>
        <description>Craft an artillery shell.</description>
        <jobString>Making artillery shell.</jobString>
        <workSpeedStat>SmithingSpeed</workSpeedStat>
        <effectWorking>Cook</effectWorking>
        <soundWorking>Recipe_Smith</soundWorking>
        <allowMixingIngredients>true</allowMixingIngredients>
        <workAmount>1200</workAmount>
        <targetCountAdjustment>5</targetCountAdjustment>
        <ingredients>
            <li>
                <filter>
                    <thingDefs>
                        <li>Steel</li>
                    </thingDefs>
                </filter>
                <count>10</count>
            </li>
        </ingredients>
        <fixedIngredientFilter>
            <thingDefs>
                <li>Steel</li>
            </thingDefs>
        </fixedIngredientFilter>
        <products>
            <ArtilleryShell>1</ArtilleryShell>
        </products>
        <workSkill>Crafting</workSkill>
    </RecipeDef>

</Defs>