<?xml version="1.0" encoding="utf-8" ?>
<Defs>

    <!--
    
    Namespace:  CommunityCoreLibrary
    
    ThingComp:  CompPowerLowIdleDraw
    
    Requires:   CompProperties_LowIdleDraw
                CompPowerTrader
    
    tickerType: Normal or Rare
    
    Optional:   CompGlower
    
    CompPowerLowIdleDraw (comp idle power), will modify the power usage of a building based on
    it's operational mode.  The mode options, default values and useage examples are listed below.
    
    Comp Properties:
    
    type (default)  tag                 Details
    
    float (0)       idlePowerFactor     [optional] Idle-power basePowerConsumption multiplier
    enum (InUse)    operationalMode     [optional] Power switching mode
    int (*)         cycleLowTicks       [optional] Number of normal ticks to operate in low-power mode
    int (*)         cycleHighTicks      [optional] Number of normal ticks to operate in high-power mode
    
    * These values are variable depending on the operationalMode.  Note that at the end of
    a cycle power may not be switched if the conditions would allow it to stay in that mode.
    The default values are as follows:
        
        mode        low     high    Example usage
        InUse       30      500     Work benches
        WhenNear    30      500     Auto doors
        Cycle       1000    500     Hydroponics
        GroupUser** 30      100     Television
        Factory     30      100     Only works with Building_AutomatedFactory and child classes
    
    ** GroupUser requires a JoyGiverDef with matching thingDef and a minRange and maxRange > 0
    
    Usage:
    
    <ThingDef>
        ...
        
        <tickerType>Normal or Rare</tickerType>
        
        <comps>
            ...
            
            <li>
                <compClass>CompPowerTrader</compClass>
                ...
            </li>
            
            <li Class="CommunityCoreLibrary.CompProperties_LowIdleDraw">
                <compClass>CommunityCoreLibrary.CompPowerLowIdleDraw</compClass>
                
                <idlePowerFactor>0</idlePowerFactor>
                
                <operationalMode>InUse</operationalMode>
                
                <cycleLowTicks>-1</cycleLowTicks>
                <cycleHighTicks>-1</cycleHighTicks>
                
            </li>
            
            ...
        </comps>
        
        ...
    </ThingDef>
    
    -->

</Defs>