﻿<?xml version="1.0" encoding="utf-8"?>
<ModMetaData>
    <name>PlaceWorker Restrictions</name>
    <author>RimWorld CCL Team</author>
    <url>n/a</url>
    <targetVersion>Community Core Library v0.12.0</targetVersion>
    <description>
	This is an example of how to use certain PlaceWorkers.

	Demonstrates:
	PlaceWorker_RestrictedCount
	PlaceWorker_NotOnTerrain
	PlaceWorker_OnlyOnTerrain
	PlaceWorker_NotOnThing
	PlaceWorker_OnlyOnThing
	RestrictedPlacement_Comp
	RestrictedPlacement_Properties
    TerrainWithComps
    </description>
</ModMetaData>