<?xml version="1.0" encoding="utf-8" ?>
<Defs>

    <ModHelperDef>
        <defName>BuildingExample</defName>

        <ModName>Building Example</ModName>

        <minCCLVersion>0.13.0</minCCLVersion>

        <ThingDefAvailability>

            <li>
                <menuHidden>false</menuHidden>
                <designationCategory>Misc</designationCategory>
                <targetDefs>
                    <li>AncientCryptosleepCasket</li>
                </targetDefs>
            </li>

        </ThingDefAvailability>

    </ModHelperDef>

</Defs>