<?xml version="1.0" encoding="utf-8" ?>
<Defs>

    <ModHelperDef>
        <defName>FacilityInjector</defName>
        
        <ModName>Facility Injector</ModName>
        
        <minCCLVersion>0.13.0</minCCLVersion>
        
        <Facilities>
            <li>
                <facility>ToolCabinet</facility>

                <targetDefs>
                    <li>Bed</li>
                    <li>RoyalBed</li>
                </targetDefs>
            </li>
        </Facilities>
        
    </ModHelperDef>

</Defs>