﻿<?xml version="1.0" encoding="utf-8" ?>
<Defs>

    <AdvancedResearchDef>

        <defName>MakeArtilleryShellsSmithingTable</defName>
        <Priority>0</Priority>

        <researchDefs>
            <li>Mortars</li>
        </researchDefs>

        <recipeDefs>
            <li>MakeArtilleryShellSmithingTable</li>
        </recipeDefs>

        <thingDefs>
            <li>TableSmithing</li>
        </thingDefs>

    </AdvancedResearchDef>

    <AdvancedResearchDef>

        <defName>MakeArtilleryShellsMachiningTable</defName>
        <Priority>0</Priority>

        <researchDefs>
            <li>Mortars</li>
        </researchDefs>

        <recipeDefs>
            <li>MakeArtilleryShell</li>
        </recipeDefs>

        <thingDefs>
            <li>TableMachining</li>
        </thingDefs>

    </AdvancedResearchDef>

</Defs>