﻿<?xml version="1.0" encoding="utf-8"?>
<ModMetaData>
    <name>Automated Stonecutter</name>
    <author>RimWorld CCL Team</author>
    <url>n/a</url>
    <targetVersion>Community Core Library v0.13.0</targetVersion>
    <description>
This is an example of an automated stonecutter.

Demonstrates:
	Building_AutomatedFactory
	CompAutomatedFactory
	CompProperties_AutomatedFactory
	CompHopperUser
	IHopperUser
	AdvancedResearchDef
	ThingDefAvailability
    </description>
</ModMetaData>