﻿<?xml version="1.0" encoding="UTF-8"?>
<Defs>

    <ThingDef Name="BuildingBase" Abstract="True">
        <category>Building</category>
        <thingClass>Building</thingClass>
        <soundImpactDefault>BulletImpactMetal</soundImpactDefault>
        <selectable>true</selectable>
        <drawerType>MapMeshAndRealTime</drawerType>
        <terrainAffordanceNeeded>Light</terrainAffordanceNeeded>
        <repairEffect>Repair</repairEffect>
        <leaveResourcesWhenKilled>true</leaveResourcesWhenKilled>
        <filthLeaving>BuildingRubble</filthLeaving>
    </ThingDef>

    <ThingDef Abstract="True" Name="StandingLampBase" ParentName="BuildingBase">
        <thingClass>Building</thingClass>
        <category>Building</category>
        <minifiedDef>MinifiedFurniture</minifiedDef>
        <altitudeLayer>Waist</altitudeLayer>
        <passability>PassThroughOnly</passability>
        <selectable>true</selectable>
        <fillPercent>0.20</fillPercent>
        <costList>
            <Steel>15</Steel>
        </costList>
        <leaveResourcesWhenKilled>false</leaveResourcesWhenKilled>
        <soundImpactDefault>BulletImpactMetal</soundImpactDefault>
        <designationCategory>Furniture</designationCategory>
        <rotatable>false</rotatable>
        <graphicData>
            <texPath>Things/Building/Furniture/LampStanding</texPath>
            <graphicClass>Graphic_Single</graphicClass>
            <shadowData>
                <volume>(0.3, 0.6, 0.3)</volume>
                <offset>(0,0,-0.1)</offset>
            </shadowData>
        </graphicData>
        <comps>
            <li>
                <compClass>CompPowerTrader</compClass>
                <basePowerConsumption>150</basePowerConsumption>
                <shortCircuitInRain>false</shortCircuitInRain>
                <soundPowerOn>PowerOnSmall</soundPowerOn>
                <soundPowerOff>PowerOffSmall</soundPowerOff>
            </li>
            <li>
                <compClass>CompQuality</compClass>
            </li>
            <li>
                <compClass>CompGlower</compClass>
                <glowRadius>12</glowRadius>
                <glowColor>(217,217,208,0)</glowColor>
            </li>
            <li Class="CommunityCoreLibrary.CompProperties_ColoredLight">
                <compClass>CommunityCoreLibrary.CompColoredLight</compClass>
            </li>
        </comps>
        <statBases>
            <MaxHitPoints>50</MaxHitPoints>
            <WorkToMake>170</WorkToMake>
            <Flammability>1.0</Flammability>
        </statBases>
    </ThingDef>


    <ThingDef ParentName="StandingLampBase" >
        <defName>StandingLamp</defName>
        <label>standing lamp</label>
        <description>Standing lamp that lights an area.</description>
        <designationHotKey>L</designationHotKey>
    </ThingDef>

    <ThingDef ParentName="StandingLampBase">
        <defName>StandingLamp_Red</defName>
        <label>standing lamp (red)</label>
        <designationHotKey>O</designationHotKey>
        <description>Standing lamp that lights an area in red.</description>
        <researchPrerequisite>CommunityCoreLibraryResearchLocker</researchPrerequisite>
    </ThingDef>

    <ThingDef ParentName="StandingLampBase">
        <defName>StandingLamp_Green</defName>
        <label>standing lamp (green)</label>
        <description>Standing lamp that lights an area in green.</description>
        <researchPrerequisite>CommunityCoreLibraryResearchLocker</researchPrerequisite>
    </ThingDef>

    <ThingDef ParentName="StandingLampBase">
        <defName>StandingLamp_Blue</defName>
        <label>standing lamp (blue)</label>
        <description>Standing lamp that lights an area in blue.</description>
        <researchPrerequisite>CommunityCoreLibraryResearchLocker</researchPrerequisite>
    </ThingDef>

</Defs>