﻿<?xml version="1.0" encoding="utf-8" ?>
<Defs>

    <AdvancedResearchDef>
        <!--
            This def disables the normal crypto sleep
        -->

        <defName>HideCryptoSleep</defName>
        <Priority>-1</Priority>

        <researchDefs>
            <li>Cryptosleep</li>
            <li>AncientTechnology</li>
        </researchDefs>

        <HideDefs>true</HideDefs>

        <ConsolidateHelp>true</ConsolidateHelp>
        <label>Ancient Cryptosleep</label>
        <description>Completion of this project allows you to build the ancient crytosleep casket which will replace the regular one.</description>

        <thingDefs>
            <li>CryptosleepCasket</li>
        </thingDefs>

    </AdvancedResearchDef>

    <AdvancedResearchDef>
        <!--
            This def enables the ancient crypto sleep
        -->

        <defName>BuildAncientCryptoSleep</defName>
        <Priority>0</Priority>

        <researchDefs>
            <li>Cryptosleep</li>
            <li>AncientTechnology</li>
        </researchDefs>

        <thingDefs>
            <li>AncientCryptosleepCasket</li>
        </thingDefs>

    </AdvancedResearchDef>

</Defs>