﻿<?xml version="1.0" encoding="utf-8" ?>
<Defs>

    <ThingDef Name="BuildingBase" Abstract="True">
        <category>Building</category>
        <soundImpactDefault>BulletImpactMetal</soundImpactDefault>
        <selectable>true</selectable>
        <drawerType>MapMeshAndRealTime</drawerType>
        <terrainAffordanceNeeded>Light</terrainAffordanceNeeded>
        <repairEffect>Repair</repairEffect>
        <leaveResourcesWhenKilled>true</leaveResourcesWhenKilled>
        <filthLeaving>BuildingRubble</filthLeaving>
    </ThingDef>

    <ThingDef ParentName="BuildingBase">
        <defName>ReplaceRecipeTest</defName>
        <label>replace recipe test</label>
        <ThingClass>Building_WorkTable</ThingClass>
        <category>Building</category>
        <graphicData>
            <texPath>Things/Building/Furniture/LampStanding</texPath>
            <graphicClass>Graphic_Single</graphicClass>
            <shadowData>
                <volume>(0.3, 0.6, 0.3)</volume>
                <offset>(0,0,-0.1)</offset>
            </shadowData>
        </graphicData>
        <altitudeLayer>Waist</altitudeLayer>
        <passability>PassThroughOnly</passability>
        <statBases>
            <MaxHitPoints>50</MaxHitPoints>
            <WorkToMake>115</WorkToMake>
            <Flammability>1.0</Flammability>
        </statBases>
        <selectable>true</selectable>
        <description>A recipe bulb.</description>
        <costList>
            <Steel>15</Steel>
        </costList>
        <leaveResourcesWhenKilled>false</leaveResourcesWhenKilled>
        <soundImpactDefault>BulletImpactMetal</soundImpactDefault>
        <hasInteractionCell>True</hasInteractionCell>
        <interactionCellOffset>(0,0,-1)</interactionCellOffset>
        <surfaceType>Item</surfaceType>
        <inspectorTabs>
            <li>ITab_Bills</li>
        </inspectorTabs>
        <building>
            <spawnedConceptLearnOpportunity>BillsTab</spawnedConceptLearnOpportunity>
        </building>
        <designationCategory>Production</designationCategory>
        <rotatable>false</rotatable>
        <designationHotKey/>
    </ThingDef>

</Defs>