﻿<?xml version="1.0" encoding="UTF-8"?>
<Defs>

    <!--
        Generic hoppers
        
        These are disabled by default, to use them you should use ThingDefAvailability in your ModHelperDef
        
        The "Vanilla Tweaks" already enables them, but you can override the category and research requirements.
        
        You can also change the two lines which hide the hoppers but this is NOT the recommended as it can introduce mod incompatibilities.
        
    -->

    <ThingDef Name="BuildingBase" Abstract="True">
        <category>Building</category>
        <soundImpactDefault>BulletImpactMetal</soundImpactDefault>
        <selectable>true</selectable>
        <drawerType>MapMeshAndRealTime</drawerType>
        <terrainAffordanceNeeded>Light</terrainAffordanceNeeded>
        <repairEffect>Repair</repairEffect>
        <leaveResourcesWhenKilled>true</leaveResourcesWhenKilled>
        <filthLeaving>BuildingRubble</filthLeaving>
        <minifiedDef>MinifiedFurniture</minifiedDef>
    </ThingDef>

    <ThingDef Name="HopperBase" ParentName="BuildingBase" Abstract="True">
        <thingClass>CommunityCoreLibrary.Building_Hopper</thingClass>
        <comps>
            <li>
                <compClass>CommunityCoreLibrary.CompHopper</compClass>
            </li>
        </comps>
        <placeWorkers>
            <li>CommunityCoreLibrary.PlaceWorker_HopperUserMagnifier</li>
        </placeWorkers>
        
        <!-- These two lines will hide the generic hoppers -->
        <menuHidden>true</menuHidden>
        <designationCategory>None</designationCategory>
    </ThingDef>

    <ThingDef ParentName="HopperBase">
        <defName>GenericHopper</defName>
        <label>generic hopper</label>
        <graphicData>
            <texPath>Things/Building/Production/GenericHopper</texPath>
            <graphicClass>Graphic_Single</graphicClass>
            <damageData>
                <rect>(0.05,0.1,0.9,0.9)</rect>
                <cornerTL>Damage/Corner</cornerTL>
                <cornerTR>Damage/Corner</cornerTR>
            </damageData>
        </graphicData>
        <altitudeLayer>Waist</altitudeLayer>
        <passability>PassThroughOnly</passability>
        <fillPercent>0.5</fillPercent>
        <pathCost>70</pathCost>
        <building>
            <preventDeterioration>true</preventDeterioration>
            <defaultStorageSettings>
                <priority>Important</priority>
            </defaultStorageSettings>
        </building>
        <inspectorTabs>
            <li>ITab_Storage</li>
        </inspectorTabs>
        <castEdgeShadows>true</castEdgeShadows>
        <statBases>
            <WorkToMake>450</WorkToMake>
            <MaxHitPoints>100</MaxHitPoints>
            <Flammability>1.0</Flammability>
        </statBases>
        <description>Holds resources for use by machines.</description>
        <costList>
            <Steel>15</Steel>
        </costList>
        <tickerType>Never</tickerType>
        <rotatable>true</rotatable>
        <neverMultiSelect>true</neverMultiSelect>
        <staticSunShadowHeight>0.3</staticSunShadowHeight>
        <surfaceType>Item</surfaceType>
        <constructEffect>ConstructMetal</constructEffect>
    </ThingDef>

    <ThingDef ParentName="HopperBase">
        <defName>RefrigeratedHopper</defName>
        <label>refrigerated hopper</label>
        <description>Holds resources for use by machines.  This hopper is refrigerated and resources within will not spoil if powered.</description>
        <graphicData>
            <texPath>Things/Building/Production/RefrigeratedHopper</texPath>
            <graphicClass>Graphic_Single</graphicClass>
            <damageData>
                <rect>(0.05,0.1,0.9,0.9)</rect>
                <cornerTL>Damage/Corner</cornerTL>
                <cornerTR>Damage/Corner</cornerTR>
            </damageData>
        </graphicData>
        <tickerType>Rare</tickerType>
        <altitudeLayer>Waist</altitudeLayer>
        <passability>PassThroughOnly</passability>
        <fillPercent>0.5</fillPercent>
        <pathCost>70</pathCost>
        <comps>
            <li>
                <compClass>CommunityCoreLibrary.CompRefrigerated</compClass>
            </li>
            <li Class="CompProperties_Power">
                <compClass>CompPowerTrader</compClass>
                <basePowerConsumption>100</basePowerConsumption>
            </li>
            <li Class="CommunityCoreLibrary.CompProperties_LowIdleDraw">
                <compClass>CommunityCoreLibrary.CompPowerLowIdleDraw</compClass>
                <idlePowerFactor>0.25</idlePowerFactor>
                <operationalMode>Cycle</operationalMode>
                <cycleLowTicks>2500</cycleLowTicks>
                <cycleHighTicks>1500</cycleHighTicks>
            </li>
        </comps>
        <building>
            <preventDeterioration>true</preventDeterioration>
            <defaultStorageSettings>
                <priority>Important</priority>
            </defaultStorageSettings>
        </building>
        <inspectorTabs>
            <li>ITab_Storage</li>
        </inspectorTabs>
        <castEdgeShadows>true</castEdgeShadows>
        <statBases>
            <WorkToMake>450</WorkToMake>
            <MaxHitPoints>100</MaxHitPoints>
            <Flammability>1.0</Flammability>
        </statBases>
        <costList>
            <Steel>15</Steel>
            <Components>1</Components>
        </costList>
        <neverMultiSelect>true</neverMultiSelect>
        <staticSunShadowHeight>0.3</staticSunShadowHeight>
        <surfaceType>Item</surfaceType>
        <constructEffect>ConstructMetal</constructEffect>
    </ThingDef>

</Defs>