﻿<?xml version="1.0" encoding="UTF-8"?>
<Defs>

    <ThingDef Name="BuildingBase" Abstract="True">
        <category>Building</category>
        <soundImpactDefault>BulletImpactMetal</soundImpactDefault>
        <selectable>true</selectable>
        <drawerType>MapMeshAndRealTime</drawerType>
        <terrainAffordanceNeeded>Light</terrainAffordanceNeeded>
        <repairEffect>Repair</repairEffect>
        <leaveResourcesWhenKilled>true</leaveResourcesWhenKilled>
        <filthLeaving>BuildingRubble</filthLeaving>
    </ThingDef>

    <ThingDef ParentName="BuildingBase">
        <defName>NutrientPasteDispenser</defName>
        <label>nutrient paste dispenser</label>
        <thingClass>Building_NutrientPasteDispenser</thingClass>
        <graphicData>
            <texPath>Things/Building/Production/NutrientDispenser</texPath>
            <graphicClass>Graphic_Single</graphicClass>
            <drawSize>(3,4)</drawSize>
        </graphicData>
        <altitudeLayer>BuildingTall</altitudeLayer>
        <passability>Impassable</passability>
        <fillPercent>1</fillPercent>
        <statBases>
            <WorkToMake>2200</WorkToMake>
            <MaxHitPoints>350</MaxHitPoints>
            <Flammability>1.0</Flammability>
        </statBases>
        <description>Synthesizes nutrient paste from organic feedstocks. It consumes less ingredients and time than any other meal production method - but nobody likes eating nutrient paste. Accepts raw food, but not rough plant matter like hay.</description>
        <building>
            <isMealSource>true</isMealSource>
            <wantsHopperAdjacent>true</wantsHopperAdjacent>
            <foodCostPerDispense>6</foodCostPerDispense>
            <soundDispense>DispensePaste</soundDispense>
        </building>
        <tickerType>Normal</tickerType>
        <comps>
            <li>
                <compClass>CompPowerTrader</compClass>
                <startElectricalFires>true</startElectricalFires>
                <basePowerConsumption>200</basePowerConsumption>
            </li>
            <li Class="CommunityCoreLibrary.CompProperties_LowIdleDraw">
                <compClass>CommunityCoreLibrary.CompPowerLowIdleDraw</compClass>
                <idlePowerFactor>0.25</idlePowerFactor>
                <operationalMode>WhenNear</operationalMode>
            </li>
            <li Class="CommunityCoreLibrary.CompProperties_HopperUser">
                <compClass>CommunityCoreLibrary.CompHopperUser</compClass>
                <resources>
                    <allowedQualitiesConfigurable>false</allowedQualitiesConfigurable>
                    <categories>
                        <li>FoodRaw</li>
                    </categories>
                    <exceptedThingDefs>
                        <li>Hay</li>
                        <li>Human_Meat</li>
                    </exceptedThingDefs>
                    <exceptedCategories>
                        <li>EggsFertilized</li>
                    </exceptedCategories>
                </resources>
            </li>
        </comps>
        <size>(3,4)</size>
        <costList>
            <Steel>90</Steel>
        </costList>
        <socialPropernessMatters>true</socialPropernessMatters>
        <interactionCellOffset>(0,0,3)</interactionCellOffset>
        <hasInteractionCell>true</hasInteractionCell>
        <terrainAffordanceNeeded>Heavy</terrainAffordanceNeeded>
        <designationCategory>Production</designationCategory>
        <constructEffect>ConstructMetal</constructEffect>
        <designationHotKey>N</designationHotKey>
    </ThingDef>

    <ThingDef Name="BenchBase" ParentName="BuildingBase" Abstract="True">
        <castEdgeShadows>true</castEdgeShadows>
        <staticSunShadowHeight>0.20</staticSunShadowHeight>
    </ThingDef>

    <ThingDef ParentName="BenchBase">
        <DefName>TableTailor</DefName>
        <label>tailor's workbench</label>
        <ThingClass>Building_WorkTable</ThingClass>
        <Description>A workbench equipped for cloth refinement and clothing production.</Description>
        <graphicData>
            <texPath>Things/Building/Production/TableTailor</texPath>
            <graphicClass>Graphic_Multi</graphicClass>
            <drawSize>(3.5,1.5)</drawSize>
        </graphicData>
        <costStuffCount>75</costStuffCount>
        <CostList>
            <Steel>50</Steel>
        </CostList>
        <stuffCategories>
            <li>Metallic</li>
            <li>Woody</li>
        </stuffCategories>
        <AltitudeLayer>Waist</AltitudeLayer>
        <fillPercent>0.5</fillPercent>
        <useHitPoints>True</useHitPoints>
        <statBases>
            <WorkToMake>2500</WorkToMake>
            <MaxHitPoints>180</MaxHitPoints>
            <Flammability>1.0</Flammability>
        </statBases>
        <Size>(3,1)</Size>
        <DesignationCategory>Production</DesignationCategory>
        <Passability>PassThroughOnly</Passability>
        <pathCost>70</pathCost>
        <hasInteractionCell>True</hasInteractionCell>
        <interactionCellOffset>(0,0,-1)</interactionCellOffset>
        <surfaceType>Item</surfaceType>
        <inspectorTabs>
            <li>ITab_Bills</li>
        </inspectorTabs>
        <building>
            <spawnedConceptLearnOpportunity>BillsTab</spawnedConceptLearnOpportunity>
        </building>
        <tickerType>Normal</tickerType>
        <comps>
            <li>
                <compClass>CompPowerTrader</compClass>
                <startElectricalFires>true</startElectricalFires>
                <basePowerConsumption>120</basePowerConsumption>
                <soundPowerOn>PowerOnSmall</soundPowerOn>
                <soundPowerOff>PowerOffSmall</soundPowerOff>
            </li>
            <li>
                <compClass>CompAffectedByFacilities</compClass>
                <linkableFacilities>
                    <li>ToolCabinet</li>
                </linkableFacilities>
            </li>
            <li Class="CommunityCoreLibrary.CompProperties_LowIdleDraw">
                <compClass>CommunityCoreLibrary.CompPowerLowIdleDraw</compClass>
            </li>
        </comps>
        <designationHotKey>P</designationHotKey>
        <placeWorkers>
            <li>PlaceWorker_ShowFacilitiesConnections</li>
        </placeWorkers>
    </ThingDef>

    <ThingDef ParentName="BenchBase">
        <DefName>TableSmithing</DefName>
        <label>smithing bench</label>
        <ThingClass>Building_WorkTable</ThingClass>
        <Description>A workbench equipped for weapons and tools production.</Description>
        <graphicData>
            <texPath>Things/Building/Production/TableSmithing</texPath>
            <graphicClass>Graphic_Multi</graphicClass>
            <drawSize>(3.5,1.5)</drawSize>
        </graphicData>
        <CostList>
            <WoodLog>40</WoodLog>
            <Steel>100</Steel>
        </CostList>
        <constructEffect>ConstructWood</constructEffect>
        <AltitudeLayer>Waist</AltitudeLayer>
        <fillPercent>0.5</fillPercent>
        <useHitPoints>True</useHitPoints>
        <statBases>
            <WorkToMake>3000</WorkToMake>
            <MaxHitPoints>180</MaxHitPoints>
            <Flammability>1.0</Flammability>
            <Cleanliness>-3</Cleanliness>
        </statBases>
        <Size>(3,1)</Size>
        <DesignationCategory>Production</DesignationCategory>
        <Passability>PassThroughOnly</Passability>
        <pathCost>70</pathCost>
        <hasInteractionCell>True</hasInteractionCell>
        <interactionCellOffset>(0,0,-1)</interactionCellOffset>
        <surfaceType>Item</surfaceType>
        <inspectorTabs>
            <li>ITab_Bills</li>
        </inspectorTabs>
        <building>
            <spawnedConceptLearnOpportunity>BillsTab</spawnedConceptLearnOpportunity>
        </building>
        <tickerType>Normal</tickerType>
        <comps>
            <li>
                <compClass>CompPowerTrader</compClass>
                <startElectricalFires>true</startElectricalFires>
                <basePowerConsumption>210</basePowerConsumption>
                <soundPowerOn>PowerOnSmall</soundPowerOn>
                <soundPowerOff>PowerOffSmall</soundPowerOff>
            </li>
            <li>
                <compClass>CompAffectedByFacilities</compClass>
                <linkableFacilities>
                    <li>ToolCabinet</li>
                </linkableFacilities>
            </li>
            <li Class="CommunityCoreLibrary.CompProperties_LowIdleDraw">
                <compClass>CommunityCoreLibrary.CompPowerLowIdleDraw</compClass>
            </li>
            <li>
                <compClass>CompGlower</compClass>
                <glowRadius>3</glowRadius>
                <glowColor>(217,112,33,0)</glowColor>
            </li>
        </comps>
        <designationHotKey>M</designationHotKey>
        <placeWorkers>
            <li>PlaceWorker_ShowFacilitiesConnections</li>
        </placeWorkers>
    </ThingDef>

    <ThingDef ParentName="BenchBase">
        <DefName>TableMachining</DefName>
        <label>machining table</label>
        <ThingClass>Building_WorkTable</ThingClass>
        <Description>A table and tools for assembling and disassembling machine components like mechanoids bodies and ammunition.</Description>
        <graphicData>
            <texPath>Things/Building/Production/TableMachining</texPath>
            <graphicClass>Graphic_Multi</graphicClass>
            <drawSize>(3.5,1.5)</drawSize>
        </graphicData>
        <CostList>
            <Steel>150</Steel>
        </CostList>
        <AltitudeLayer>Waist</AltitudeLayer>
        <fillPercent>0.5</fillPercent>
        <useHitPoints>True</useHitPoints>
        <statBases>
            <WorkToMake>3000</WorkToMake>
            <MaxHitPoints>180</MaxHitPoints>
            <Flammability>1.0</Flammability>
            <Cleanliness>-2</Cleanliness>
        </statBases>
        <Size>(3,1)</Size>
        <DesignationCategory>Production</DesignationCategory>
        <Passability>PassThroughOnly</Passability>
        <pathCost>70</pathCost>
        <hasInteractionCell>True</hasInteractionCell>
        <interactionCellOffset>(0,0,-1)</interactionCellOffset>
        <surfaceType>Item</surfaceType>
        <recipes>
            <li>ButcherCorpseMechanoid</li>
            <li>MakeArtilleryShell</li>
        </recipes>
        <inspectorTabs>
            <li>ITab_Bills</li>
        </inspectorTabs>
        <tickerType>Normal</tickerType>
        <comps>
            <li>
                <compClass>CompPowerTrader</compClass>
                <startElectricalFires>true</startElectricalFires>
                <basePowerConsumption>350</basePowerConsumption>
                <soundPowerOn>PowerOnSmall</soundPowerOn>
                <soundPowerOff>PowerOffSmall</soundPowerOff>
            </li>
            <li Class="CommunityCoreLibrary.CompProperties_LowIdleDraw">
                <compClass>CommunityCoreLibrary.CompPowerLowIdleDraw</compClass>
            </li>
            <li>
                <compClass>CompGlower</compClass>
                <glowRadius>5</glowRadius>
                <glowColor>(73,123,138,0)</glowColor>
            </li>
            <li>
                <compClass>CompAffectedByFacilities</compClass>
                <linkableFacilities>
                    <li>ToolCabinet</li>
                </linkableFacilities>
            </li>
        </comps>
        <building>
            <spawnedConceptLearnOpportunity>BillsTab</spawnedConceptLearnOpportunity>
        </building>
        <constructEffect>ConstructMetal</constructEffect>
        <researchPrerequisite>Machining</researchPrerequisite>
        <designationHotKey>I</designationHotKey>
        <placeWorkers>
            <li>PlaceWorker_ShowFacilitiesConnections</li>
        </placeWorkers>
    </ThingDef>

    <ThingDef ParentName="BenchBase">
        <defName>CookStove</defName>
        <label>cook stove</label>
        <ThingClass>Building_WorkTable_HeatPush</ThingClass>
        <Description>A simple stove and attached countertop for preparing meals.</Description>
        <graphicData>
            <texPath>Things/Building/Production/TableCookStove</texPath>
            <graphicClass>Graphic_Multi</graphicClass>
            <drawSize>(3.5,1.5)</drawSize>
        </graphicData>
        <constructEffect>ConstructMetal</constructEffect>
        <CostList>
            <Steel>90</Steel>
        </CostList>
        <AltitudeLayer>Waist</AltitudeLayer>
        <fillPercent>0.5</fillPercent>
        <useHitPoints>True</useHitPoints>
        <statBases>
            <WorkToMake>2000</WorkToMake>
            <MaxHitPoints>180</MaxHitPoints>
            <Flammability>1.0</Flammability>
        </statBases>
        <Size>(3,1)</Size>
        <DesignationCategory>Production</DesignationCategory>
        <Passability>PassThroughOnly</Passability>
        <pathCost>70</pathCost>
        <hasInteractionCell>True</hasInteractionCell>
        <interactionCellOffset>(0,0,-1)</interactionCellOffset>
        <surfaceType>Item</surfaceType>
        <recipes>
            <li>CookMealSimple</li>
            <li>CookMealFine</li>
            <li>CookMealLavish</li>
        </recipes>
        <inspectorTabs>
            <li>ITab_Bills</li>
        </inspectorTabs>
        <tickerType>Normal</tickerType>
        <comps>
            <li>
                <compClass>CompPowerTrader</compClass>
                <startElectricalFires>true</startElectricalFires>
                <basePowerConsumption>350</basePowerConsumption>
                <soundPowerOn>PowerOnSmall</soundPowerOn>
                <soundPowerOff>PowerOffSmall</soundPowerOff>
            </li>
            <li Class="CommunityCoreLibrary.CompProperties_LowIdleDraw">
                <compClass>CommunityCoreLibrary.CompPowerLowIdleDraw</compClass>
            </li>
            <li>
                <compClass>CompGlower</compClass>
                <glowRadius>3</glowRadius>
                <glowColor>(217,112,33,0)</glowColor>
            </li>
        </comps>
        <building>
            <isMealSource>true</isMealSource>
            <spawnedConceptLearnOpportunity>BillsTab</spawnedConceptLearnOpportunity>
            <heatPerTickWhileWorking>0.25</heatPerTickWhileWorking>
        </building>
        <designationHotKey>O</designationHotKey>
    </ThingDef>

    <ThingDef ParentName="BenchBase">
        <DefName>ElectricSmelter</DefName>
        <label>electric smelter</label>
        <ThingClass>Building_WorkTable_HeatPush</ThingClass>
        <Description>Extracts usable metal from slag chunks and other mixed metal items. Consumes a lot of power.</Description>
        <graphicData>
            <texPath>Things/Building/Production/ElectricSmelter</texPath>
            <graphicClass>Graphic_Multi</graphicClass>
            <drawSize>(3.5,1.5)</drawSize>
        </graphicData>
        <constructEffect>ConstructMetal</constructEffect>
        <CostList>
            <Steel>170</Steel>
        </CostList>
        <AltitudeLayer>Waist</AltitudeLayer>
        <fillPercent>0.5</fillPercent>
        <useHitPoints>True</useHitPoints>
        <statBases>
            <WorkToMake>3500</WorkToMake>
            <MaxHitPoints>180</MaxHitPoints>
            <Flammability>1.0</Flammability>
        </statBases>
        <Size>(3,1)</Size>
        <DesignationCategory>Production</DesignationCategory>
        <Passability>PassThroughOnly</Passability>
        <pathCost>70</pathCost>
        <hasInteractionCell>True</hasInteractionCell>
        <interactionCellOffset>(0,0,-1)</interactionCellOffset>
        <surfaceType>Item</surfaceType>
        <recipes>
            <li>ExtractMetalFromSlag</li>
            <li>SmeltWeapon</li>
        </recipes>
        <inspectorTabs>
            <li>ITab_Bills</li>
        </inspectorTabs>
        <tickerType>Normal</tickerType>
        <comps>
            <li>
                <compClass>CompPowerTrader</compClass>
                <basePowerConsumption>700</basePowerConsumption>
                <startElectricalFires>true</startElectricalFires>
            </li>
            <li Class="CommunityCoreLibrary.CompProperties_LowIdleDraw">
                <compClass>CommunityCoreLibrary.CompPowerLowIdleDraw</compClass>
            </li>
            <li>
                <compClass>CompGlower</compClass>
                <glowRadius>6</glowRadius>
                <glowColor>(217,112,33,0)</glowColor>
            </li>
            <li>
                <compClass>CommunityCoreLibrary.CompHeatPusherPowered</compClass>
                <heatPerSecond>12</heatPerSecond>
                <heatPushMaxTemperature>1500</heatPushMaxTemperature>
            </li>
        </comps>
        <building>
            <spawnedConceptLearnOpportunity>BillsTab</spawnedConceptLearnOpportunity>
            <heatPerTickWhileWorking>0.5</heatPerTickWhileWorking>
        </building>
        <researchPrerequisite>ElectricSmelting</researchPrerequisite>
        <designationHotKey>L</designationHotKey>
    </ThingDef>

    <ThingDef ParentName="BuildingBase">
        <DefName>Crematorium</DefName>
        <label>crematorium</label>
        <ThingClass>Building_WorkTable_HeatPush</ThingClass>
        <Description>Cremates corpses.</Description>
        <graphicData>
            <texPath>Things/Building/Production/Crematorium</texPath>
            <graphicClass>Graphic_Single</graphicClass>
            <shaderType>CutoutComplex</shaderType>
            <drawSize>(3,2)</drawSize>
        </graphicData>
        <stuffCategories>
            <li>Stony</li>
        </stuffCategories>
        <costStuffCount>150</costStuffCount>
        <costList>
            <Steel>20</Steel>
        </costList>
        <AltitudeLayer>Waist</AltitudeLayer>
        <useHitPoints>True</useHitPoints>
        <statBases>
            <WorkToMake>4500</WorkToMake>
            <MaxHitPoints>300</MaxHitPoints>
            <Flammability>0</Flammability>
            <Cleanliness>-20</Cleanliness>
        </statBases>
        <Size>(3,2)</Size>
        <DesignationCategory>Production</DesignationCategory>
        <fillPercent>1</fillPercent>
        <Passability>Impassable</Passability>
        <hasInteractionCell>True</hasInteractionCell>
        <interactionCellOffset>(0,0,-1)</interactionCellOffset>
        <surfaceType>Item</surfaceType>
        <recipes>
            <li>CremateCorpse</li>
            <li>BurnApparel</li>
        </recipes>
        <inspectorTabs>
            <li>ITab_Bills</li>
        </inspectorTabs>
        <tickerType>Normal</tickerType>
        <comps>
            <li>
                <compClass>CompPowerTrader</compClass>
                <basePowerConsumption>250</basePowerConsumption>
                <startElectricalFires>true</startElectricalFires>
                <soundPowerOn>PowerOnSmall</soundPowerOn>
                <soundPowerOff>PowerOffSmall</soundPowerOff>
            </li>
            <li Class="CommunityCoreLibrary.CompProperties_LowIdleDraw">
                <compClass>CommunityCoreLibrary.CompPowerLowIdleDraw</compClass>
            </li>
            <li>
                <compClass>CompGlower</compClass>
                <glowRadius>6</glowRadius>
                <glowColor>(217,112,33,0)</glowColor>
            </li>
            <li>
                <compClass>CommunityCoreLibrary.CompHeatPusherPowered</compClass>
                <heatPerSecond>15</heatPerSecond>
                <heatPushMaxTemperature>1000</heatPushMaxTemperature>
            </li>
        </comps>
        <building>
            <spawnedConceptLearnOpportunity>BillsTab</spawnedConceptLearnOpportunity>
            <heatPerTickWhileWorking>0.6</heatPerTickWhileWorking>
        </building>
        <researchPrerequisite>Cremation</researchPrerequisite>
        <designationHotKey>K</designationHotKey>
    </ThingDef>

    <!-- ========== Hydroponics ==============-->

    <ThingDef ParentName="BuildingBase">
        <defName>HydroponicsBasin</defName>
        <label>hydroponics basin</label>
        <thingClass>CommunityCoreLibrary.Building_Hydroponic</thingClass>
        <graphicData>
            <texPath>Things/Building/Production/HydroponicsBasin</texPath>
            <graphicClass>Graphic_Single</graphicClass>
            <drawSize>(1,4)</drawSize>
        </graphicData>
        <altitudeLayer>FloorEmplacement</altitudeLayer>
        <passability>PassThroughOnly</passability>
        <pathCost>60</pathCost>
        <castEdgeShadows>true</castEdgeShadows>
        <constructEffect>ConstructMetal</constructEffect>
        <fillPercent>0.30</fillPercent>
        <statBases>
            <WorkToMake>2800</WorkToMake>
            <MaxHitPoints>180</MaxHitPoints>
            <Flammability>1.0</Flammability>
            <Cleanliness>-3</Cleanliness>
        </statBases>
        <description>For growing food. Hydroponics basins grow a few plants quickly. The basin requires power to work, and plants will die if power is cut.</description>
        <size>(1,4)</size>
        <costList>
            <Steel>100</Steel>
        </costList>
        <inspectorTabs>
            <li>ITab_Growing</li>
        </inspectorTabs>
        <fertility>1.7</fertility>
        <building>
            <defaultPlantToGrow>PlantPotato</defaultPlantToGrow>
            <plantsDestroyWithMe>true</plantsDestroyWithMe>
            <sowTag>Hydroponic</sowTag>
        </building>
        <tickerType>Rare</tickerType>
        <comps>
            <li>
                <compClass>CompForbiddable</compClass>
            </li>
            <li>
                <compClass>CompPowerTrader</compClass>
                <basePowerConsumption>100</basePowerConsumption>
            </li>
            <li Class="CommunityCoreLibrary.CompProperties_LowIdleDraw">
                <compClass>CommunityCoreLibrary.CompPowerLowIdleDraw</compClass>
                <idlePowerFactor>0.50</idlePowerFactor>
                <operationalMode>Cycle</operationalMode>
                <cycleLowTicks>5000</cycleLowTicks>
                <cycleHighTicks>2500</cycleHighTicks>
            </li>
            <li>
                <compClass>CommunityCoreLibrary.CompNeighbourlyGrower</compClass>
            </li>
        </comps>
        <researchPrerequisite>Hydroponics</researchPrerequisite>
        <terrainAffordanceNeeded>Heavy</terrainAffordanceNeeded>
        <designationCategory>Production</designationCategory>
        <designationHotKey>Y</designationHotKey>
    </ThingDef>

</Defs>