﻿<?xml version="1.0" encoding="utf-8" ?>
<Defs>

    <MainTabDef Class="CommunityCoreLibrary.MainTab_HelpMenuDef">
        <defName>CCL_ModHelp</defName>
        <label>Help</label>
        <description>Get help with different mods.</description>
        <windowClass>CommunityCoreLibrary.MainTabWindow_ModHelp</windowClass>
        <order>81</order>
        <windowSize>(700,500)</windowSize>
        <listWidth>200</listWidth>
        <pauseGame>false</pauseGame>
    </MainTabDef>

    <MainTabDef>
        <defName>Research</defName>
        <label>research</label>
        <description>Examine and decide on research projects.</description>
        <windowClass>CommunityCoreLibrary.MainTabWindow_Research</windowClass>
        <order>90</order>
    </MainTabDef>

</Defs>