<?xml version="1.0" encoding="utf-8" ?>
<Defs>

    <ModHelperDef>
        <defName>TraderInjector</defName>

        <ModName>Trader Injector</ModName>

        <minCCLVersion>0.13.0</minCCLVersion>

        <TraderKinds>
            <li>
                <targetDef>Orbital_Misc_PirateMerchant</targetDef>

                <stockGenerators>
                    <li Class="StockGenerator_SingleDef">
                        <thingDef>Silver</thingDef>
                        <countRange>
                            <min>100000</min>
                            <max>200000</max>
                        </countRange>
                    </li>
                </stockGenerators>
            </li>
        </TraderKinds>

    </ModHelperDef>

</Defs>