﻿<?xml version="1.0" encoding="utf-8" ?>
<Defs>

    <ThingDef Name="BuildingBase" Abstract="True">
        <category>Building</category>
        <thingClass>Building</thingClass>
        <soundImpactDefault>BulletImpactMetal</soundImpactDefault>
        <selectable>true</selectable>
        <drawerType>MapMeshAndRealTime</drawerType>
        <terrainAffordanceNeeded>Light</terrainAffordanceNeeded>
        <repairEffect>Repair</repairEffect>
        <leaveResourcesWhenKilled>true</leaveResourcesWhenKilled>
        <filthLeaving>BuildingRubble</filthLeaving>
    </ThingDef>

    <ThingDef Name="FurnitureBase" ParentName="BuildingBase" Abstract="True">
        <comps>
            <li>
                <compClass>CompQuality</compClass>
            </li>
        </comps>
        <DesignationCategory>Furniture</DesignationCategory>
        <minifiedDef>MinifiedFurniture</minifiedDef>
    </ThingDef>

    <ThingDef ParentName="FurnitureBase">
        <defName>HiddenStorageRack</defName>
        <label>equipment rack (hidden)</label>
        <thingClass>Building_Storage</thingClass>
        <graphicData>
            <texPath>Things/Building/Furniture/EquipmentRack</texPath>
            <graphicClass>Graphic_Multi</graphicClass>
            <drawSize>(3,2)</drawSize>
        </graphicData>
        <altitudeLayer>Waist</altitudeLayer>
        <passability>PassThroughOnly</passability>
        <fillPercent>0.4</fillPercent>
        <castEdgeShadows>true</castEdgeShadows>
        <stuffCategories>
            <li>Metallic</li>
            <li>Woody</li>
            <li>Stony</li>
        </stuffCategories>
        <costStuffCount>30</costStuffCount>
        <statBases>
            <MaxHitPoints>100</MaxHitPoints>
            <WorkToMake>1050</WorkToMake>
            <Flammability>1.0</Flammability>
        </statBases>
        <description>Items stored in this will not deteriorate, even if outside.</description>
        <size>(2,1)</size>
        <building>
            <preventDeterioration>true</preventDeterioration>
            <fixedStorageSettings>
                <filter>
                    <categories>
                        <li>Weapons</li>
                        <li>Apparel</li>
                    </categories>
                </filter>
            </fixedStorageSettings>
            <defaultStorageSettings>
                <priority>Important</priority>
                <filter>
                    <categories>
                        <li>Weapons</li>
                    </categories>
                </filter>
            </defaultStorageSettings>
        </building>
        <comps>
            <li Class="CommunityCoreLibrary.CompProperties_HideItem">
                <compClass>CommunityCoreLibrary.CompHideItem</compClass>
                <preventItemSelection>true</preventItemSelection>
            </li>
        </comps>
        <inspectorTabs>
            <li>ITab_Storage</li>
        </inspectorTabs>
        <designationHotKey/>
        <staticSunShadowHeight>0.5</staticSunShadowHeight>
        <surfaceType>Item</surfaceType>
    </ThingDef>

</Defs>