<?xml version="1.0" encoding="utf-8" ?>
<Defs>

    <ThingDef Class="CommunityCoreLibrary.Controller.PreLoader">
        <defName>CommunityCoreLibraryControllerBootstrap</defName>

        <menuHidden>true</menuHidden>

        <category>Building</category>
        <thingClass>Thing</thingClass>

        <inspectorTabs>
            <li>CommunityCoreLibrary.Controller.Loader</li>
        </inspectorTabs>

        <label>Community Core Library Controller Bootstrap Building</label>
        <description>Community Core Library Controller Bootstrap Building

This should be hidden, how are you seeing this?

Oh, you're looking in the xml.

Well, enjoy, there isn't much here except the class override (ThingDef) for the pre-loader and inspector tab (ITab) for the main loader (MonoBehaviour).
</description>

    </ThingDef>

</Defs>