<?xml version="1.0" encoding="utf-8" ?>
<Defs>

    <ModHelperDef>
        <defName>ThingCompInjectionExample</defName>

        <ModName>ThingComp Injection Example</ModName>

        <minCCLVersion>0.13.0</minCCLVersion>


        <ThingComps>
            <li>
                <compProps>
                    <compClass>CompForbiddable</compClass>
                </compProps>
                <targetDefs>
                    <li>Human</li>
                    <li>Wall</li>
                </targetDefs>
            </li>

            <li>
                <compProps Class="CompProperties_Power">
                    <compClass>CompPowerTrader</compClass>
                    <transmitsPower>true</transmitsPower>
                </compProps>
                <targetDefs>
                    <li>Wall</li>
                </targetDefs>
            </li>
        </ThingComps>

    </ModHelperDef>

</Defs>
